{"lr": 0.0019819639278557113, "data_time": 0.21315420150756836, "loss": 0.9783269548416138, "loss_rpn_cls": 0.47803922861814496, "loss_rpn_bbox": 0.08057094138115645, "loss_cls": 0.3919703443348408, "acc": 95.849609375, "loss_bbox": 0.02774645151104778, "time": 0.8981459569931031, "epoch": 1, "iter": 50, "memory": 9480, "step": 50}
{"lr": 0.0039839679358717435, "data_time": 0.1982029104232788, "loss": 0.5508766156435013, "loss_rpn_cls": 0.15997568741440774, "loss_rpn_bbox": 0.07175914689898491, "loss_cls": 0.21538143903017043, "acc": 95.068359375, "loss_bbox": 0.10376033775508403, "time": 0.8760765886306763, "epoch": 1, "iter": 100, "memory": 9480, "step": 100}
{"lr": 0.005985971943887774, "data_time": 0.22221576690673828, "loss": 0.5255935591459274, "loss_rpn_cls": 0.12151973113417626, "loss_rpn_bbox": 0.0700712838768959, "loss_cls": 0.22230043560266494, "acc": 96.826171875, "loss_bbox": 0.11170210972428322, "time": 0.8797461557388305, "epoch": 1, "iter": 150, "memory": 9480, "step": 150}
{"lr": 0.007987975951903804, "data_time": 0.21938436031341552, "loss": 0.5816811418533325, "loss_rpn_cls": 0.10972130171954632, "loss_rpn_bbox": 0.06652011062949896, "loss_cls": 0.24439160898327827, "acc": 94.140625, "loss_bbox": 0.16104811869561672, "time": 0.8804123306274414, "epoch": 1, "iter": 200, "memory": 9480, "step": 200}
{"lr": 0.009989979959919832, "data_time": 0.1672525930404663, "loss": 0.6896828520298004, "loss_rpn_cls": 0.10886044062674045, "loss_rpn_bbox": 0.06637262377887965, "loss_cls": 0.28546936199069023, "acc": 92.529296875, "loss_bbox": 0.22898042678833008, "time": 0.8744114828109741, "epoch": 1, "iter": 250, "memory": 9480, "step": 250}
{"lr": 0.011991983967935849, "data_time": 0.17141514778137207, "loss": 0.7400159984827042, "loss_rpn_cls": 0.10422503788024187, "loss_rpn_bbox": 0.06685751222074032, "loss_cls": 0.3029686141014099, "acc": 90.869140625, "loss_bbox": 0.265964841991663, "time": 0.8526419591903687, "epoch": 1, "iter": 300, "memory": 9480, "step": 300}
{"lr": 0.01399398797595188, "data_time": 0.23314393997192384, "loss": 0.7465712243318557, "loss_rpn_cls": 0.07700671799480915, "loss_rpn_bbox": 0.06594167534261942, "loss_cls": 0.30299229979515074, "acc": 92.626953125, "loss_bbox": 0.30063052996993067, "time": 0.8873108911514282, "epoch": 1, "iter": 350, "memory": 9480, "step": 350}
{"lr": 0.015995991983967908, "data_time": 0.23823816299438477, "loss": 0.7261524438858032, "loss_rpn_cls": 0.0744058046862483, "loss_rpn_bbox": 0.0648067994043231, "loss_cls": 0.29475953251123427, "acc": 89.501953125, "loss_bbox": 0.2921803121268749, "time": 0.893000659942627, "epoch": 1, "iter": 400, "memory": 9480, "step": 400}
{"lr": 0.01799799599198394, "data_time": 0.16570641994476318, "loss": 0.7957272112369538, "loss_rpn_cls": 0.07606386009603738, "loss_rpn_bbox": 0.06792525868862867, "loss_cls": 0.31764490097761156, "acc": 87.353515625, "loss_bbox": 0.33409319937229154, "time": 0.8245238733291625, "epoch": 1, "iter": 450, "memory": 9480, "step": 450}
{"lr": 0.019999999999999952, "data_time": 0.1442948627471924, "loss": 0.7766971808671951, "loss_rpn_cls": 0.08131348617374896, "loss_rpn_bbox": 0.060314164496958256, "loss_cls": 0.31703880965709685, "acc": 87.3046875, "loss_bbox": 0.31803071945905687, "time": 0.8254113245010376, "epoch": 1, "iter": 500, "memory": 9480, "step": 500}
{"lr": 0.019999999999999952, "data_time": 0.16911235809326172, "loss": 0.7957471299171448, "loss_rpn_cls": 0.08163994148373604, "loss_rpn_bbox": 0.06249821674078703, "loss_cls": 0.330112566947937, "acc": 92.041015625, "loss_bbox": 0.32149640083312986, "time": 0.8543819952011108, "epoch": 1, "iter": 550, "memory": 9480, "step": 550}
{"lr": 0.019999999999999952, "data_time": 0.16781744956970215, "loss": 0.7969596749544143, "loss_rpn_cls": 0.07103546760976315, "loss_rpn_bbox": 0.06260613095015287, "loss_cls": 0.3175100561976433, "acc": 95.751953125, "loss_bbox": 0.3458080130815506, "time": 0.8465943574905396, "epoch": 1, "iter": 600, "memory": 9480, "step": 600}
{"lr": 0.019999999999999952, "data_time": 0.17381112575531005, "loss": 0.7530589538812638, "loss_rpn_cls": 0.06303894188255071, "loss_rpn_bbox": 0.062036715280264616, "loss_cls": 0.2985025614500046, "acc": 90.771484375, "loss_bbox": 0.3294807329773903, "time": 0.8391346311569214, "epoch": 1, "iter": 650, "memory": 9480, "step": 650}
